"ID","Internal Reference","Barcode","Name","Cost","Sale Price","Internal Category","Unit of Measure","Purchase Unit of Measure","Costing Method","Product Type","Inventory Location","Invoicing Policy","Control Purchase Bills"
"13170-0001","13170-0001",,"Wafer Tango Pandan 171 Gr",7168,12916,"Persediaan Makanan","Pcs","Karton 24","average","Stockable Product","Virtual Locations/Inventory Loss Makanan","delivery","receive"
"13170-0002","13170-0002",,"Yuppy Apple 120G",6450,7700,"Persediaan Makanan","Pcs","Karton 24","average","Stockable Product","Virtual Locations/Inventory Loss Makanan","delivery","receive"
"13170-0003","13170-0003",,"Alfredo 4 Season 200Gr",72000,86000,"Persediaan Makanan","Pcs","Karton 24","average","Stockable Product","Virtual Locations/Inventory Loss Makanan","delivery","receive"
"13170-0004","13170-0004",,"Alfredo Choco Milk & Dark 110G",43000,50400,"Persediaan Makanan","Pcs","Karton 24","average","Stockable Product","Virtual Locations/Inventory Loss Makanan","delivery","receive"
"13170-0005","13170-0005",,"Alpenliebble Original With Mil",4650,5725,"Persediaan Makanan","Pcs","Karton 24","average","Stockable Product","Virtual Locations/Inventory Loss Makanan","delivery","receive"
"13170-0006","13170-0006",,"Apollo Roka Reff 480Gr",44000,50600,"Persediaan Makanan","Pcs","Karton 24","average","Stockable Product","Virtual Locations/Inventory Loss Makanan","delivery","receive"
"13170-0007","13170-0007",,"Apollo Roka Toples",50000,61200,"Persediaan Makanan","Pcs","Karton 24","average","Stockable Product","Virtual Locations/Inventory Loss Makanan","delivery","receive"
"13170-0008","13170-0008",,"Astor Double 330 G",23850,27500,"Persediaan Makanan","Pcs","Karton 24","average","Stockable Product","Virtual Locations/Inventory Loss Makanan","delivery","receive"
"13170-0009","13170-0009",,"Biskitop Durian 400Gr",29167,33000,"Persediaan Makanan","Pcs","Karton 24","average","Stockable Product","Virtual Locations/Inventory Loss Makanan","delivery","receive"
"13170-0010","13170-0010",,"Biskitop Traditional 1500G",395833,69000,"Persediaan Makanan","Pcs","Karton 24","average","Stockable Product","Virtual Locations/Inventory Loss Makanan","delivery","receive"
"13170-0011","13170-0011",,"Cadbury Dairi Milk Almond Nut",47290,52019,"Persediaan Makanan","Pcs","Karton 24","average","Stockable Product","Virtual Locations/Inventory Loss Makanan","delivery","receive"
"13170-0012","13170-0012",,"Cavalier Choco Milk 44 Gr",28000,31000,"Persediaan Makanan","Pcs","Karton 24","average","Stockable Product","Virtual Locations/Inventory Loss Makanan","delivery","receive"
"13170-0013","13170-0013",,"Cha Cha Coklat 85G",11990,15000,"Persediaan Makanan","Pcs","Karton 24","average","Stockable Product","Virtual Locations/Inventory Loss Makanan","delivery","receive"
"13170-0014","13170-0014",,"Champ Hicken Ball 200G",8175,17175,"Persediaan Makanan","Pcs","Karton 24","average","Stockable Product","Virtual Locations/Inventory Loss Makanan","delivery","receive"
"13170-0015","13170-0015",,"Chitato Chicken Bbq 40G",4500,6500,"Persediaan Makanan","Pcs","Karton 24","average","Stockable Product","Virtual Locations/Inventory Loss Makanan","delivery","receive"
"13170-0016","13170-0016",,"Chitato Chicken Bbq 75G",7833,10500,"Persediaan Makanan","Pcs","Karton 24","average","Stockable Product","Virtual Locations/Inventory Loss Makanan","delivery","receive"
"13170-0017","13170-0017",,"Coco Almonds 100 Gr",25052,30000,"Persediaan Makanan","Pcs","Karton 24","average","Stockable Product","Virtual Locations/Inventory Loss Makanan","delivery","receive"
"13170-0018","13170-0018",,"Coco Creamy Milk 100Gr",25000,30000,"Persediaan Makanan","Pcs","Karton 24","average","Stockable Product","Virtual Locations/Inventory Loss Makanan","delivery","receive"
"13170-0019","13170-0019",,"Coco Fruit & Nuts 100Gr",25139,30000,"Persediaan Makanan","Pcs","Karton 24","average","Stockable Product","Virtual Locations/Inventory Loss Makanan","delivery","receive"
"13170-0020","13170-0020",,"Coco Hazelnuts 100Gr",25000,30000,"Persediaan Makanan","Pcs","Karton 24","average","Stockable Product","Virtual Locations/Inventory Loss Makanan","delivery","receive"
"13170-0021","13170-0021",,"Coco Multi Pack 3X50Gr",40000,48000,"Persediaan Makanan","Pcs","Karton 24","average","Stockable Product","Virtual Locations/Inventory Loss Makanan","delivery","receive"
"13170-0022","13170-0022",,"Coco Multi Pack Assorted 100G",48000,55000,"Persediaan Makanan","Pcs","Karton 24","average","Stockable Product","Virtual Locations/Inventory Loss Makanan","delivery","receive"
"13170-0023","13170-0023",,"Coco Multi Pak Assor Bar 100Gr",71399,84000,"Persediaan Makanan","Pcs","Karton 24","average","Stockable Product","Virtual Locations/Inventory Loss Makanan","delivery","receive"
"13170-0024","13170-0024",,"Cornet Beef Cip 198G",11688,13500,"Persediaan Makanan","Pcs","Karton 24","average","Stockable Product","Virtual Locations/Inventory Loss Makanan","delivery","receive"
"13170-0025","13170-0025",,"Magnum Mini Clasic",48360,35236,"Persediaan Makanan","Pcs","Karton 24","average","Stockable Product","Virtual Locations/Inventory Loss Makanan","delivery","receive"
"13170-0026","13170-0026",,"Mentos Anggur",3927,5301,"Persediaan Makanan","Pcs","Karton 24","average","Stockable Product","Virtual Locations/Inventory Loss Makanan","delivery","receive"
"13170-0027","13170-0027",,"Mentos Buah",2277,2504,"Persediaan Makanan","Pcs","Karton 24","average","Stockable Product","Virtual Locations/Inventory Loss Makanan","delivery","receive"
"13170-0028","13170-0028",,"Mentos Mint",2277,2504,"Persediaan Makanan","Pcs","Karton 24","average","Stockable Product","Virtual Locations/Inventory Loss Makanan","delivery","receive"
"13170-0029","13170-0029",,"Milna Ayam Sayur 120 G",22707,23845,"Persediaan Makanan","Pcs","Karton 24","average","Stockable Product","Virtual Locations/Inventory Loss Makanan","delivery","receive"
"13170-0030","13170-0030",,"Milna Biscuit Aple+Orange 65G",6161,7000,"Persediaan Makanan","Pcs","Karton 24","average","Stockable Product","Virtual Locations/Inventory Loss Makanan","delivery","receive"
"13170-0031","13170-0031",,"Mini Black Orange 45G",1816,3566,"Persediaan Makanan","Pcs","Karton 36","average","Stockable Product","Virtual Locations/Inventory Loss Makanan","delivery","receive"
"13170-0032","13170-0032",,"Mio Fullo Coklat",410,1000,"Persediaan Makanan","Pcs","Karton 36","average","Stockable Product","Virtual Locations/Inventory Loss Makanan","delivery","receive"
"13170-0033","13170-0033",,"Mlkuat Tiger Straw 170 Ml",3601,4500,"Persediaan Makanan","Pcs","Karton 36","average","Stockable Product","Virtual Locations/Inventory Loss Makanan","delivery","receive"
"13170-0034","13170-0034",,"Mr Bamboe Daun Kemangi 20Gr",16305,18805,"Persediaan Makanan","Pcs","Karton 36","average","Stockable Product","Virtual Locations/Inventory Loss Makanan","delivery","receive"
"13170-0035","13170-0035",,"Much Better Vanila",792,1000,"Persediaan Makanan","Pcs","Karton 36","average","Stockable Product","Virtual Locations/Inventory Loss Makanan","delivery","receive"
"13170-0036","13170-0036",,"Nestle Cereal Cbl Brown R. 120",8303,8750,"Persediaan Makanan","Pcs","Karton 36","average","Stockable Product","Virtual Locations/Inventory Loss Makanan","delivery","receive"
"13170-0037","13170-0037",,"Nestle Cerelac Serealia Oats 1",14541,16500,"Persediaan Makanan","Pcs","Karton 36","average","Stockable Product","Virtual Locations/Inventory Loss Makanan","delivery","receive"
"13170-0038","13170-0038",,"Nestle Cruch Chips Orange 14G",842,1500,"Persediaan Makanan","Pcs","Karton 36","average","Stockable Product","Virtual Locations/Inventory Loss Makanan","delivery","receive"
"13170-0039","13170-0039",,"Nestle Crunch Chios Orng 60Gr",4576,6000,"Persediaan Makanan","Pcs","Karton 36","average","Stockable Product","Virtual Locations/Inventory Loss Makanan","delivery","receive"
"13170-0040","13170-0040",,"Nestle Crunch Chip Peanut 60Gr",4576,6000,"Persediaan Makanan","Pcs","Karton 36","average","Stockable Product","Virtual Locations/Inventory Loss Makanan","delivery","receive"
"13170-0041","13170-0041",,"Nestle Crunch Chips 30G",2377,3500,"Persediaan Makanan","Pcs","Karton 36","average","Stockable Product","Virtual Locations/Inventory Loss Makanan","delivery","receive"
"13170-0042","13170-0042",,"Nestle Crunch Chips 60G",4576,6000,"Persediaan Makanan","Pcs","Karton 36","average","Stockable Product","Virtual Locations/Inventory Loss Makanan","delivery","receive"
"13170-0043","13170-0043",,"Nestle Crunch Chips Sac 14G",842,1500,"Persediaan Makanan","Pcs","Karton 36","average","Stockable Product","Virtual Locations/Inventory Loss Makanan","delivery","receive"
"13170-0044","13170-0044",,"Nestle Crunch Chips Straw 30G",2377,3500,"Persediaan Makanan","Pcs","Karton 36","average","Stockable Product","Virtual Locations/Inventory Loss Makanan","delivery","receive"
"13170-0045","13170-0045",,"Nestle Crunch Chips Straw 60G",4576,6000,"Persediaan Makanan","Pcs","Karton 36","average","Stockable Product","Virtual Locations/Inventory Loss Makanan","delivery","receive"
"13170-0046","13170-0046",,"Nissin Wafer Blueberry 100 Gr",13000,15000,"Persediaan Makanan","Pcs","Karton 36","average","Stockable Product","Virtual Locations/Inventory Loss Makanan","delivery","receive"
"13170-0047","13170-0047",,"Panner Pie 168G",15750,17500,"Persediaan Makanan","Pcs","Karton 36","average","Stockable Product","Virtual Locations/Inventory Loss Makanan","delivery","receive"
"13170-0048","13170-0048",,"Permen Mintz Tpl/C",15256,17000,"Persediaan Makanan","Pcs","Karton 36","average","Stockable Product","Virtual Locations/Inventory Loss Makanan","delivery","receive"
"13170-0049","13170-0049",,"Piatos Ayam Panggang 55 G",4439,6000,"Persediaan Makanan","Pcs","Karton 36","average","Stockable Product","Virtual Locations/Inventory Loss Makanan","delivery","receive"
"13170-0050","13170-0050",,"Piatos Keju 55 Gr",4334,6000,"Persediaan Makanan","Pcs","Karton 36","average","Stockable Product","Virtual Locations/Inventory Loss Makanan","delivery","receive"
"13170-0051","13170-0051",,"Piatos Sapi Panggang 55Gr",4388,6000,"Persediaan Makanan","Pcs","Karton 36","average","Stockable Product","Virtual Locations/Inventory Loss Makanan","delivery","receive"
"13170-0052","13170-0052",,"Piatos Sapi Panggang 85 Gr",6066,8500,"Persediaan Makanan","Pcs","Karton 36","average","Stockable Product","Virtual Locations/Inventory Loss Makanan","delivery","receive"
"13170-0053","13170-0053",,"Plum Candy 340G",20000,21500,"Persediaan Makanan","Pcs","Karton 36","average","Stockable Product","Virtual Locations/Inventory Loss Makanan","delivery","receive"
"13170-0054","13170-0054",,"Qtela Garlic Chicken 185G",11667,14000,"Persediaan Makanan","Pcs","Karton 36","average","Stockable Product","Virtual Locations/Inventory Loss Makanan","delivery","receive"
"13170-0055","13170-0055",,"Qtela Grilled Cheese 185 Gr",11667,14000,"Persediaan Makanan","Pcs","Karton 36","average","Stockable Product","Virtual Locations/Inventory Loss Makanan","delivery","receive"
"13170-0056","13170-0056",,"Ratafa Permen Tusuk",600,810,"Persediaan Makanan","Pcs","Karton 36","average","Stockable Product","Virtual Locations/Inventory Loss Makanan","delivery","receive"
"13170-0057","13170-0057",,"Rich & Rich Choco Cookies",104827,6539,"Persediaan Makanan","Pcs","Karton 24","average","Stockable Product","Virtual Locations/Inventory Loss Makanan","delivery","receive"
"13170-0058","13170-0058",,"Rich & Rich Cookies 80Gr",21235,7550,"Persediaan Makanan","Pcs","Karton 24","average","Stockable Product","Virtual Locations/Inventory Loss Makanan","delivery","receive"
"13170-0059","13170-0059",,"Roma Chees Kress 72G",3150,3950,"Persediaan Makanan","Pcs","Karton 24","average","Stockable Product","Virtual Locations/Inventory Loss Makanan","delivery","receive"
"13170-0060","13170-0060",,"Roma Marie Susu 115 Gr/40",5131,5500,"Persediaan Makanan","Pcs","Karton 24","average","Stockable Product","Virtual Locations/Inventory Loss Makanan","delivery","receive"
"13170-0061","13170-0061",,"Roma Sari Gandum 39G",1681,2200,"Persediaan Makanan","Pcs","Karton 24","average","Stockable Product","Virtual Locations/Inventory Loss Makanan","delivery","receive"
"13170-0062","13170-0062",,"Roma Super Keju 11Gr",393,1000,"Persediaan Makanan","Pcs","Karton 24","average","Stockable Product","Virtual Locations/Inventory Loss Makanan","delivery","receive"
"13170-0063","13170-0063",,"Silver Queen Caramel 54 G",9341,10742,"Persediaan Makanan","Pcs","Karton 24","average","Stockable Product","Virtual Locations/Inventory Loss Makanan","delivery","receive"
"13170-0064","13170-0064",,"Silver Queen Bites Almond 45 Gr",5542,6133,"Persediaan Makanan","Pcs","Karton 24","average","Stockable Product","Virtual Locations/Inventory Loss Makanan","delivery","receive"
"13170-0065","13170-0065",,"Soy Joy Strawberry 30G",4462,5500,"Persediaan Makanan","Pcs","Karton 24","average","Stockable Product","Virtual Locations/Inventory Loss Makanan","delivery","receive"
"13170-0066","13170-0066",,"Sponge Bob Super Suprise 10G",13531,16500,"Persediaan Makanan","Pcs","Karton 24","average","Stockable Product","Virtual Locations/Inventory Loss Makanan","delivery","receive"
"13170-0067","13170-0067",,"Sq Crispy 60 Gr",5452,4983,"Persediaan Makanan","Pcs","Karton 24","average","Stockable Product","Virtual Locations/Inventory Loss Makanan","delivery","receive"
"13170-0068","13170-0068",,"Sq Crispy Dark  35Gr",5365,5199,"Persediaan Makanan","Pcs","Karton 24","average","Stockable Product","Virtual Locations/Inventory Loss Makanan","delivery","receive"
"13170-0069","13170-0069",,"Sq Montes 55 Gr",9295,10100,"Persediaan Makanan","Pcs","Karton 24","average","Stockable Product","Virtual Locations/Inventory Loss Makanan","delivery","receive"
"13170-0070","13170-0070",,"Sq O Nut 44Gr",69113,7999,"Persediaan Makanan","Pcs","Karton 24","average","Stockable Product","Virtual Locations/Inventory Loss Makanan","delivery","receive"
"13170-0071","13170-0071",,"Sq Rocker Orange 22 Gr",3208,3849,"Persediaan Makanan","Pcs","Karton 24","average","Stockable Product","Virtual Locations/Inventory Loss Makanan","delivery","receive"
"13170-0072","13170-0072",,"Sukro Kribo 70Gr",3035,2632,"Persediaan Makanan","Pcs","Karton 24","average","Stockable Product","Virtual Locations/Inventory Loss Makanan","delivery","receive"
"13170-0073","13170-0073",,"Sun Kacang Hijau Box 120 Gr",7291,7885,"Persediaan Makanan","Pcs","Karton 24","average","Stockable Product","Virtual Locations/Inventory Loss Makanan","delivery","receive"
"13170-0074","13170-0074",,"Super Bubur Abon 45 Gr",2603,3000,"Persediaan Makanan","Pcs","Karton 24","average","Stockable Product","Virtual Locations/Inventory Loss Makanan","delivery","receive"
"13170-0075","13170-0075",,"Super Bubur Ayam 45 Gr",2526,3000,"Persediaan Makanan","Pcs","Karton 24","average","Stockable Product","Virtual Locations/Inventory Loss Makanan","delivery","receive"
"13170-0076","13170-0076",,"Tango Wafer Cappucino 76 Gr",3800,5000,"Persediaan Makanan","Pcs","Karton 24","average","Stockable Product","Virtual Locations/Inventory Loss Makanan","delivery","receive"
"13170-0077","13170-0077",,"Taro Cheese Blast 40G",4625,5555,"Persediaan Makanan","Pcs","Karton 24","average","Stockable Product","Virtual Locations/Inventory Loss Makanan","delivery","receive"
"13170-0078","13170-0078",,"Taro Curly Fries 40G",4693,5550,"Persediaan Makanan","Pcs","Karton 24","average","Stockable Product","Virtual Locations/Inventory Loss Makanan","delivery","receive"
"13170-0079","13170-0079",,"Tim Tam Biskuit Vanilla 60Gr",5800,7000,"Persediaan Makanan","Pcs","Karton 24","average","Stockable Product","Virtual Locations/Inventory Loss Makanan","delivery","receive"
"13170-0080","13170-0080",,"Top Strawberry 20Gr",983,1327,"Persediaan Makanan","Pcs","Karton 24","average","Stockable Product","Virtual Locations/Inventory Loss Makanan","delivery","receive"
"13170-0081","13170-0081",,"Twisko Premium 48 Gr",2345,2675,"Persediaan Makanan","Pcs","Karton 24","average","Stockable Product","Virtual Locations/Inventory Loss Makanan","delivery","receive"
"13170-0082","13170-0082",,"Twisko Premium 80G",5588,7000,"Persediaan Makanan","Pcs","Karton 24","average","Stockable Product","Virtual Locations/Inventory Loss Makanan","delivery","receive"
"13170-0083","13170-0083",,"Twister Minis Black 80Gr",6600,7200,"Persediaan Makanan","Pcs","Karton 24","average","Stockable Product","Virtual Locations/Inventory Loss Makanan","delivery","receive"
"13170-0084","13170-0084",,"Ubm Mini Assorted",3566,4200,"Persediaan Makanan","Pcs","Karton 24","average","Stockable Product","Virtual Locations/Inventory Loss Makanan","delivery","receive"
"13170-0085","13170-0085",,"Ubm Pineaple 24",7708,8625,"Persediaan Makanan","Pcs","Karton 24","average","Stockable Product","Virtual Locations/Inventory Loss Makanan","delivery","receive"
"13170-0086","13170-0086",,"Van Houten Choco Almound 150G",48000,55000,"Persediaan Makanan","Pcs","Karton 24","average","Stockable Product","Virtual Locations/Inventory Loss Makanan","delivery","receive"
"13180-0001","13180-0001",,"Adem Sari Hanget 24",1235,1875,"Persediaan Minuman","Pcs","Karton 24","average","Stockable Product","Virtual Locations/Inventory Loss Minuman","delivery","receive"
"13180-0002","13180-0002",,"Wong Coco Nata De Coco Cp 1000",17500,21000,"Persediaan Minuman","Pcs","Karton 24","average","Stockable Product","Virtual Locations/Inventory Loss Minuman","delivery","receive"
"13180-0003","13180-0003",,"Wong Coco Nata De Coco Lc 1000",17500,21000,"Persediaan Minuman","Pcs","Karton 24","average","Stockable Product","Virtual Locations/Inventory Loss Minuman","delivery","receive"
"13180-0004","13180-0004",,"Anmum Materna 400G",70000,73500,"Persediaan Minuman","Pcs","Karton 24","average","Stockable Product","Virtual Locations/Inventory Loss Minuman","delivery","receive"
"13180-0005","13180-0005",,"Anmum Materna Coklat 400Gr",70000,77000,"Persediaan Minuman","Pcs","Karton 24","average","Stockable Product","Virtual Locations/Inventory Loss Minuman","delivery","receive"
"13180-0006","13180-0006",,"Chil Mil Platinum 400G",112420,118040,"Persediaan Minuman","Pcs","Karton 24","average","Stockable Product","Virtual Locations/Inventory Loss Minuman","delivery","receive"
"13180-0007","13180-0007",,"Chil School Coklat 200Gr",29467,30205,"Persediaan Minuman","Pcs","Karton 24","average","Stockable Product","Virtual Locations/Inventory Loss Minuman","delivery","receive"
"13180-0008","13180-0008",,"Chil School Coklat 800Gr",182859,191153,"Persediaan Minuman","Pcs","Karton 24","average","Stockable Product","Virtual Locations/Inventory Loss Minuman","delivery","receive"
"13180-0009","13180-0009",,"Chil School Plat Choco 400Gr",57575,59715,"Persediaan Minuman","Pcs","Karton 24","average","Stockable Product","Virtual Locations/Inventory Loss Minuman","delivery","receive"
"13180-0010","13180-0010",,"Chil School Plat Coklat 400Gr",93500,98175,"Persediaan Minuman","Pcs","Karton 24","average","Stockable Product","Virtual Locations/Inventory Loss Minuman","delivery","receive"
"13180-0011","13180-0011",,"Chil School Plat Madu 800Gr",184621,191153,"Persediaan Minuman","Pcs","Karton 24","average","Stockable Product","Virtual Locations/Inventory Loss Minuman","delivery","receive"
"13180-0012","13180-0012",,"Chil School Straw 200Gr",123111,32011,"Persediaan Minuman","Pcs","Karton 24","average","Stockable Product","Virtual Locations/Inventory Loss Minuman","delivery","receive"
"13180-0013","13180-0013",,"Coca Cola Zero",5484,6500,"Persediaan Minuman","Pcs","Karton 24","average","Stockable Product","Virtual Locations/Inventory Loss Minuman","delivery","receive"
"13180-0014","13180-0014",,"Cornet Beef Cip Mushroom 340G",16250,19000,"Persediaan Minuman","Pcs","Karton 24","average","Stockable Product","Virtual Locations/Inventory Loss Minuman","delivery","receive"
"13180-0015","13180-0015",,"Cornetto Disk Strwchesse 120Ml",8840,10120,"Persediaan Minuman","Pcs","Karton 24","average","Stockable Product","Virtual Locations/Inventory Loss Minuman","delivery","receive"
"13180-0016","13180-0016",,"Cornetto Mini Bscoth&Cho 28Ml",16517,35910,"Persediaan Minuman","Pcs","Karton 24","average","Stockable Product","Virtual Locations/Inventory Loss Minuman","delivery","receive"
"13180-0017","13180-0017",,"Cornetto Mini Choc&Tirami 28Ml",28728,37800,"Persediaan Minuman","Pcs","Karton 24","average","Stockable Product","Virtual Locations/Inventory Loss Minuman","delivery","receive"
"13180-0018","13180-0018",,"Cornetto Mini Mango&Berry 28",28728,37800,"Persediaan Minuman","Pcs","Karton 24","average","Stockable Product","Virtual Locations/Inventory Loss Minuman","delivery","receive"
"13180-0019","13180-0019",,"Marjan Fruit Punch 600 Ml",17793,19573,"Persediaan Minuman","Pcs","Karton 24","average","Stockable Product","Virtual Locations/Inventory Loss Minuman","delivery","receive"
"13180-0020","13180-0020",,"Marjan Jambu Squash",17881,19669,"Persediaan Minuman","Pcs","Karton 24","average","Stockable Product","Virtual Locations/Inventory Loss Minuman","delivery","receive"
"13180-0021","13180-0021",,"Marjan Leci",17793,19573,"Persediaan Minuman","Pcs","Karton 24","average","Stockable Product","Virtual Locations/Inventory Loss Minuman","delivery","receive"
"13180-0022","13180-0022",,"Marjan Lemon",9440,12744,"Persediaan Minuman","Pcs","Karton 24","average","Stockable Product","Virtual Locations/Inventory Loss Minuman","delivery","receive"
"13180-0023","13180-0023",,"Marjan Milk Rose 600Ml",17535,16243,"Persediaan Minuman","Pcs","Karton 24","average","Stockable Product","Virtual Locations/Inventory Loss Minuman","delivery","receive"
"13180-0024","13180-0024",,"Marjan Moca 600 Ml",17793,24021,"Persediaan Minuman","Pcs","Karton 24","average","Stockable Product","Virtual Locations/Inventory Loss Minuman","delivery","receive"
"13180-0025","13180-0025",,"Milo 3 In 1 Pilybag 35Gr",82313,60000,"Persediaan Minuman","Pcs","Karton 24","average","Stockable Product","Virtual Locations/Inventory Loss Minuman","delivery","receive"
"13180-0026","13180-0026",,"Milo 3In 1 Sac 35 Gr",1249,14500,"Persediaan Minuman","Pcs","Karton 24","average","Stockable Product","Virtual Locations/Inventory Loss Minuman","delivery","receive"
"13180-0027","13180-0027",,"Milo Act-E 150G",12037,13240,"Persediaan Minuman","Pcs","Karton 24","average","Stockable Product","Virtual Locations/Inventory Loss Minuman","delivery","receive"
"13180-0028","13180-0028",,"Milo Act-E Sas 14G",5496,6000,"Persediaan Minuman","Pcs","Karton 24","average","Stockable Product","Virtual Locations/Inventory Loss Minuman","delivery","receive"
"13180-0029","13180-0029",,"Milo Choco Bar 12 G",2966,3559,"Persediaan Minuman","Pcs","Karton 24","average","Stockable Product","Virtual Locations/Inventory Loss Minuman","delivery","receive"
"13180-0030","13180-0030",,"Milo Sereal 32Gr",5392,6500,"Persediaan Minuman","Pcs","Karton 24","average","Stockable Product","Virtual Locations/Inventory Loss Minuman","delivery","receive"
"13180-0031","13180-0031",,"Mizone Isotonic Cocopina 500Ml",3400,4750,"Persediaan Minuman","Pcs","Karton 36","average","Stockable Product","Virtual Locations/Inventory Loss Minuman","delivery","receive"
"13180-0032","13180-0032",,"Nescafe Clasic Pack",4648,5113,"Persediaan Minuman","Pcs","Karton 36","average","Stockable Product","Virtual Locations/Inventory Loss Minuman","delivery","receive"
"13180-0033","13180-0033",,"New Item",4378,5378,"Persediaan Minuman","Pcs","Karton 36","average","Stockable Product","Virtual Locations/Inventory Loss Minuman","delivery","receive"
"13180-0034","13180-0034",,"New Vitalac 1 Van 800Gr",100620,105651,"Persediaan Minuman","Pcs","Karton 36","average","Stockable Product","Virtual Locations/Inventory Loss Minuman","delivery","receive"
"13180-0035","13180-0035",,"New Vitalac 3+ Madu 800Ml",70761,95527,"Persediaan Minuman","Pcs","Karton 36","average","Stockable Product","Virtual Locations/Inventory Loss Minuman","delivery","receive"
"13180-0036","13180-0036",,"Nutrilon 4 Soya Vanila 400 G",82216,85999,"Persediaan Minuman","Pcs","Karton 36","average","Stockable Product","Virtual Locations/Inventory Loss Minuman","delivery","receive"
"13180-0037","13180-0037",,"Nutrilon Royal 3 Madu 400",101474,136990,"Persediaan Minuman","Pcs","Karton 36","average","Stockable Product","Virtual Locations/Inventory Loss Minuman","delivery","receive"
"13180-0038","13180-0038",,"Nutrilon Royal 3 Van 400Gr",93121,98302,"Persediaan Minuman","Pcs","Karton 36","average","Stockable Product","Virtual Locations/Inventory Loss Minuman","delivery","receive"
"13180-0039","13180-0039",,"Nutrisari American Orange 14Gr",10946,12985,"Persediaan Minuman","Pcs","Karton 36","average","Stockable Product","Virtual Locations/Inventory Loss Minuman","delivery","receive"
"13180-0040","13180-0040",,"Nutrisari Swet Guava 11Gr",849,12396,"Persediaan Minuman","Pcs","Karton 36","average","Stockable Product","Virtual Locations/Inventory Loss Minuman","delivery","receive"
"13180-0041","13180-0041",,"Nutrisari Swet Mango 11Gr",5410,7500,"Persediaan Minuman","Pcs","Karton 36","average","Stockable Product","Virtual Locations/Inventory Loss Minuman","delivery","receive"
"13180-0042","13180-0042",,"Nutrive Benecol Orange 100Ml",5208,6250,"Persediaan Minuman","Pcs","Karton 36","average","Stockable Product","Virtual Locations/Inventory Loss Minuman","delivery","receive"
"13180-0043","13180-0043",,"Pocari Sweet Pet 500 Ml",5335,7202,"Persediaan Minuman","Pcs","Karton 36","average","Stockable Product","Virtual Locations/Inventory Loss Minuman","delivery","receive"
"13180-0044","13180-0044",,"Pondan Ice Cream Neopolitan",23744,28493,"Persediaan Minuman","Pcs","Karton 36","average","Stockable Product","Virtual Locations/Inventory Loss Minuman","delivery","receive"
"13180-0045","13180-0045",,"Pondan Ice Cream Tiramissu 150",17287,19200,"Persediaan Minuman","Pcs","Karton 36","average","Stockable Product","Virtual Locations/Inventory Loss Minuman","delivery","receive"
"13180-0046","13180-0046",,"Pop Drink Blackberry 8G",2662,4662,"Persediaan Minuman","Pcs","Karton 36","average","Stockable Product","Virtual Locations/Inventory Loss Minuman","delivery","receive"
"13180-0047","13180-0047",,"Pop Drink Grape",2662,4662,"Persediaan Minuman","Pcs","Karton 36","average","Stockable Product","Virtual Locations/Inventory Loss Minuman","delivery","receive"
"13180-0048","13180-0048",,"Pop Drink Kelapa Muda",2662,4662,"Persediaan Minuman","Pcs","Karton 36","average","Stockable Product","Virtual Locations/Inventory Loss Minuman","delivery","receive"
"13180-0049","13180-0049",,"Pop Drink Srtrawberry",2662,4662,"Persediaan Minuman","Pcs","Karton 36","average","Stockable Product","Virtual Locations/Inventory Loss Minuman","delivery","receive"
"13180-0050","13180-0050",,"Pop Drink Tamarin",2662,4662,"Persediaan Minuman","Pcs","Karton 36","average","Stockable Product","Virtual Locations/Inventory Loss Minuman","delivery","receive"
"13180-0051","13180-0051",,"Pop Ice Avocado Cappuccino 25G",4007,4609,"Persediaan Minuman","Pcs","Karton 36","average","Stockable Product","Virtual Locations/Inventory Loss Minuman","delivery","receive"
"13180-0052","13180-0052",,"Pop Ice Blender Vanila Late 25",4007,5409,"Persediaan Minuman","Pcs","Karton 36","average","Stockable Product","Virtual Locations/Inventory Loss Minuman","delivery","receive"
"13180-0053","13180-0053",,"Pop Ice Capucino Durian 25 Gr",4007,4609,"Persediaan Minuman","Pcs","Karton 36","average","Stockable Product","Virtual Locations/Inventory Loss Minuman","delivery","receive"
"13180-0054","13180-0054",,"Pop Ice Coffee Moccacino 25G",4340,6590,"Persediaan Minuman","Pcs","Karton 36","average","Stockable Product","Virtual Locations/Inventory Loss Minuman","delivery","receive"
"13180-0055","13180-0055",,"Pop Ice Fruity Pop Orange Flav",4315,4609,"Persediaan Minuman","Pcs","Karton 36","average","Stockable Product","Virtual Locations/Inventory Loss Minuman","delivery","receive"
"13180-0056","13180-0056",,"Pren Mommy Mocha 200 Gr",36266,35050,"Persediaan Minuman","Pcs","Karton 36","average","Stockable Product","Virtual Locations/Inventory Loss Minuman","delivery","receive"
"13180-0057","13180-0057",,"Prenagen Emisis Cho 200Gr",36762,38700,"Persediaan Minuman","Pcs","Karton 36","average","Stockable Product","Virtual Locations/Inventory Loss Minuman","delivery","receive"
"13180-0058","13180-0058",,"Prenagen Esensis Coklat 180G",27809,29500,"Persediaan Minuman","Pcs","Karton 36","average","Stockable Product","Virtual Locations/Inventory Loss Minuman","delivery","receive"
"13180-0059","13180-0059",,"Prenagen Mommy Cho 400 Gr",66529,69500,"Persediaan Minuman","Pcs","Karton 36","average","Stockable Product","Virtual Locations/Inventory Loss Minuman","delivery","receive"
"13180-0060","13180-0060",,"Prenagen Mommy Coklat 200 G",34905,36905,"Persediaan Minuman","Pcs","Karton 36","average","Stockable Product","Virtual Locations/Inventory Loss Minuman","delivery","receive"
"13180-0061","13180-0061",,"Prenagen Mommy Strawberry 400",65968,69500,"Persediaan Minuman","Pcs","Karton 36","average","Stockable Product","Virtual Locations/Inventory Loss Minuman","delivery","receive"
"13180-0062","13180-0062",,"Prengen Mommy Straw 600Gr",80352,100000,"Persediaan Minuman","Pcs","Karton 36","average","Stockable Product","Virtual Locations/Inventory Loss Minuman","delivery","receive"
"13180-0063","13180-0063",,"Pulpy Aloe Vera 350 Ml",5501,7000,"Persediaan Minuman","Pcs","Karton 36","average","Stockable Product","Virtual Locations/Inventory Loss Minuman","delivery","receive"
"13180-0064","13180-0064",,"S-26 Procal Gold 1-3 14Kg",363583,381762,"Persediaan Minuman","Pcs","Karton 36","average","Stockable Product","Virtual Locations/Inventory Loss Minuman","delivery","receive"
"13180-0065","13180-0065",,"S-26 Procal Gold 1-3 400Gr",78474,67899,"Persediaan Minuman","Pcs","Karton 36","average","Stockable Product","Virtual Locations/Inventory Loss Minuman","delivery","receive"
"13180-0066","13180-0066",,"S-26 Procal Gold 1-3 900Gr",230333,253366,"Persediaan Minuman","Pcs","Karton 36","average","Stockable Product","Virtual Locations/Inventory Loss Minuman","delivery","receive"
"13180-0067","13180-0067",,"S-26 Promise Gold 1.4 Kg",326416,329652,"Persediaan Minuman","Pcs","Karton 36","average","Stockable Product","Virtual Locations/Inventory Loss Minuman","delivery","receive"
"13180-0068","13180-0068",,"S26 Promise Gold 700G",165920,174216,"Persediaan Minuman","Pcs","Karton 36","average","Stockable Product","Virtual Locations/Inventory Loss Minuman","delivery","receive"
"13180-0069","13180-0069",,"Sari Asem Asli 250Ml",2504,2880,"Persediaan Minuman","Pcs","Karton 36","average","Stockable Product","Virtual Locations/Inventory Loss Minuman","delivery","receive"
"13180-0070","13180-0070",,"Sgm Soya 4 Madu 400Gr",46346,62567,"Persediaan Minuman","Pcs","Karton 36","average","Stockable Product","Virtual Locations/Inventory Loss Minuman","delivery","receive"
"13180-0071","13180-0071",,"Siropen Telasih Manggis",28325,38239,"Persediaan Minuman","Pcs","Karton 36","average","Stockable Product","Virtual Locations/Inventory Loss Minuman","delivery","receive"
"13180-0072","13180-0072",,"Tebs Pet Maroon 500 Ml",5958,7050,"Persediaan Minuman","Pcs","Karton 36","average","Stockable Product","Virtual Locations/Inventory Loss Minuman","delivery","receive"
"13180-0073","13180-0073",,"Tebs Pet Reguler 500 Ml",5967,7050,"Persediaan Minuman","Pcs","Karton 36","average","Stockable Product","Virtual Locations/Inventory Loss Minuman","delivery","receive"
"13180-0074","13180-0074",,"Teh Bendera Celup 25 S",3979,4818,"Persediaan Minuman","Pcs","Karton 36","average","Stockable Product","Virtual Locations/Inventory Loss Minuman","delivery","receive"
"13180-0075","13180-0075",,"Teh Botol Sosro Jasmine 500Ml",5585,6500,"Persediaan Minuman","Pcs","Karton 36","average","Stockable Product","Virtual Locations/Inventory Loss Minuman","delivery","receive"
"13180-0076","13180-0076",,"Teh Cap Btl Hijau Celup",4200,5400,"Persediaan Minuman","Pcs","Karton 36","average","Stockable Product","Virtual Locations/Inventory Loss Minuman","delivery","receive"
"13180-0077","13180-0077",,"Teh Celup 25 Black Tea 10 Ball",3100,4000,"Persediaan Minuman","Pcs","Karton 36","average","Stockable Product","Virtual Locations/Inventory Loss Minuman","delivery","receive"
"13180-0078","13180-0078",,"Teh Celup Sosro Black Tea",15396,5000,"Persediaan Minuman","Pcs","Karton 36","average","Stockable Product","Virtual Locations/Inventory Loss Minuman","delivery","receive"
"13180-0079","13180-0079",,"Teh Celup Sosro Black Tea 36",12000,15000,"Persediaan Minuman","Pcs","Karton 36","average","Stockable Product","Virtual Locations/Inventory Loss Minuman","delivery","receive"
"13180-0080","13180-0080",,"Teh Celup Sosro Black Tea 50",6000,7200,"Persediaan Minuman","Pcs","Karton 36","average","Stockable Product","Virtual Locations/Inventory Loss Minuman","delivery","receive"
"13180-0081","13180-0081",,"Teh Gelas Jumbo 330Ml",2622,4000,"Persediaan Minuman","Pcs","Karton 36","average","Stockable Product","Virtual Locations/Inventory Loss Minuman","delivery","receive"
"13180-0082","13180-0082",,"Teh Poci Vanila 25Gr",3300,3378,"Persediaan Minuman","Pcs","Karton 36","average","Stockable Product","Virtual Locations/Inventory Loss Minuman","delivery","receive"
"13180-0083","13180-0083",,"Teh Poci Vanila 50",1600,2100,"Persediaan Minuman","Pcs","Karton 36","average","Stockable Product","Virtual Locations/Inventory Loss Minuman","delivery","receive"
"13180-0084","13180-0084",,"Teh Serr Teh Kundur",2076,1200,"Persediaan Minuman","Pcs","Karton 36","average","Stockable Product","Virtual Locations/Inventory Loss Minuman","delivery","receive"
"13180-0085","13180-0085",,"Teh Serr Teh Seger",37819,1200,"Persediaan Minuman","Pcs","Karton 36","average","Stockable Product","Virtual Locations/Inventory Loss Minuman","delivery","receive"
"13180-0086","13180-0086",,"Teh Sisri Apel",2782,3756,"Persediaan Minuman","Pcs","Karton 36","average","Stockable Product","Virtual Locations/Inventory Loss Minuman","delivery","receive"
"13180-0087","13180-0087",,"Tipco Kiwi 1 L",30616,32500,"Persediaan Minuman","Pcs","Karton 36","average","Stockable Product","Virtual Locations/Inventory Loss Minuman","delivery","receive"
"13180-0088","13180-0088",,"Top Black & White",937,1125,"Persediaan Minuman","Pcs","Karton 36","average","Stockable Product","Virtual Locations/Inventory Loss Minuman","delivery","receive"
"13180-0089","13180-0089",,"Top Ice Kacang Hijau",2821,3245,"Persediaan Minuman","Pcs","Karton 36","average","Stockable Product","Virtual Locations/Inventory Loss Minuman","delivery","receive"
"13180-0090","13180-0090",,"Top Ice Kopi",2821,3245,"Persediaan Minuman","Pcs","Karton 36","average","Stockable Product","Virtual Locations/Inventory Loss Minuman","delivery","receive"
"13180-0091","13180-0091",,"Ultra Milk Chocolate 250 Ml",4000,5500,"Persediaan Minuman","Pcs","Karton 36","average","Stockable Product","Virtual Locations/Inventory Loss Minuman","delivery","receive"
"13180-0092","13180-0092",,"Ultra Milk Mocca 250 Ml",3518,5500,"Persediaan Minuman","Pcs","Karton 36","average","Stockable Product","Virtual Locations/Inventory Loss Minuman","delivery","receive"
"13180-0093","13180-0093",,"Ultra Milk Plain 250Ml",3813,5500,"Persediaan Minuman","Pcs","Karton 36","average","Stockable Product","Virtual Locations/Inventory Loss Minuman","delivery","receive"
"13180-0094","13180-0094",,"Ultra Milk Strawberry 250Ml",3935,5500,"Persediaan Minuman","Pcs","Karton 36","average","Stockable Product","Virtual Locations/Inventory Loss Minuman","delivery","receive"
"13180-0095","13180-0095",,"Vitalac Vanila 900G",100620,135837,"Persediaan Minuman","Pcs","Karton 36","average","Stockable Product","Virtual Locations/Inventory Loss Minuman","delivery","receive"
"13160-0001","13160-0001",,"Pro Mild",9000,10000,"Persediaan Rokok","Pcs","Karton 36","average","Stockable Product","Virtual Locations/Inventory Loss Rokok","delivery","receive"
"13160-0002","13160-0002",,"Avolution Mrh",14327,16000,"Persediaan Rokok","Pcs","Karton 36","average","Stockable Product","Virtual Locations/Inventory Loss Rokok","delivery","receive"
"13160-0003","13160-0003",,"Dji Sam Soe 12",11753,13000,"Persediaan Rokok","Pcs","Karton 36","average","Stockable Product","Virtual Locations/Inventory Loss Rokok","delivery","receive"
"13160-0004","13160-0004",,"G Mild",10313,11000,"Persediaan Rokok","Pcs","Karton 36","average","Stockable Product","Virtual Locations/Inventory Loss Rokok","delivery","receive"
"13160-0005","13160-0005",,"Gudang Garam Filter 12",10695,12000,"Persediaan Rokok","Pcs","Karton 36","average","Stockable Product","Virtual Locations/Inventory Loss Rokok","delivery","receive"
"13160-0006","13160-0006",,"Marlboro Ice Blex",15100,17000,"Persediaan Rokok","Pcs","Karton 36","average","Stockable Product","Virtual Locations/Inventory Loss Rokok","delivery","receive"
"13160-0007","13160-0007",,"Marlboro Menthol Like",13750,15000,"Persediaan Rokok","Pcs","Karton 36","average","Stockable Product","Virtual Locations/Inventory Loss Rokok","delivery","receive"
"13160-0008","13160-0008",,"Marlboro Mrh 500",14129,16500,"Persediaan Rokok","Pcs","Karton 36","average","Stockable Product","Virtual Locations/Inventory Loss Rokok","delivery","receive"
"13160-0009","13160-0009",,"Marlboro Putih 500",13980,16000,"Persediaan Rokok","Pcs","Karton 36","average","Stockable Product","Virtual Locations/Inventory Loss Rokok","delivery","receive"
"13160-0010","13160-0010",,"Promild 16 Kretek",12396,10000,"Persediaan Rokok","Pcs","Karton 36","average","Stockable Product","Virtual Locations/Inventory Loss Rokok","delivery","receive"
"13160-0011","13160-0011",,"Sampoerna Mild",13451,15500,"Persediaan Rokok","Pcs","Karton 36","average","Stockable Product","Virtual Locations/Inventory Loss Rokok","delivery","receive"
"13160-0012","13160-0012",,"Surya 12",10590,12500,"Persediaan Rokok","Pcs","Karton 36","average","Stockable Product","Virtual Locations/Inventory Loss Rokok","delivery","receive"
"13160-0013","13160-0013",,"Surya 16",14109,15500,"Persediaan Rokok","Pcs","Karton 36","average","Stockable Product","Virtual Locations/Inventory Loss Rokok","delivery","receive"
"13160-0014","13160-0014",,"U-Mild",9016,10000,"Persediaan Rokok","Pcs","Karton 36","average","Stockable Product","Virtual Locations/Inventory Loss Rokok","delivery","receive"
